site_id,timestamp_utc,image_url,caption
dot-lake,2026-10-07 20:59:18Z,https://raw.githubusercontent.com/allenbondurant/IceBuoys/main/www/camera/dot-lake/20261007T205918Z_168f6416ff.jpg,SpyPoint site image
dot-lake,2026-10-06 20:59:22Z,https://raw.githubusercontent.com/allenbondurant/IceBuoys/main/www/camera/dot-lake/20261006T205922Z_464a43f407.jpg,SpyPoint site image
dot-lake,2026-10-06 20:59:18Z,https://raw.githubusercontent.com/allenbondurant/IceBuoys/main/www/camera/dot-lake/20261006T205918Z_9ef65cc0a1.jpg,SpyPoint site image
dot-lake,2026-10-05 20:59:23Z,https://raw.githubusercontent.com/allenbondurant/IceBuoys/main/www/camera/dot-lake/20261005T205923Z_f71583e81a.jpg,SpyPoint site image
dot-lake,2026-10-05 20:59:23Z,https://raw.githubusercontent.com/allenbondurant/IceBuoys/main/www/camera/dot-lake/20261005T205923Z_94a5d88ac3.jpg,SpyPoint site image
dot-lake,2026-10-04 21:00:16Z,https://raw.githubusercontent.com/allenbondurant/IceBuoys/main/www/camera/dot-lake/20261004T210016Z_4d8aec7167.jpg,SpyPoint site image
dot-lake,2026-10-03 20:59:24Z,https://raw.githubusercontent.com/allenbondurant/IceBuoys/main/www/camera/dot-lake/20261003T205924Z_c1a1845893.jpg,SpyPoint site image
dot-lake,2026-10-03 20:59:20Z,https://raw.githubusercontent.com/allenbondurant/IceBuoys/main/www/camera/dot-lake/20261003T205920Z_a87ebed878.jpg,SpyPoint site image
dot-lake,2026-10-03 20:59:18Z,https://raw.githubusercontent.com/allenbondurant/IceBuoys/main/www/camera/dot-lake/20261003T205918Z_b0f3a6e9b1.jpg,SpyPoint site image
dot-lake,2026-10-02 20:59:22Z,https://raw.githubusercontent.com/allenbondurant/IceBuoys/main/www/camera/dot-lake/20261002T205922Z_2b3838454f.jpg,SpyPoint site image
dot-lake,2026-10-02 20:59:19Z,https://raw.githubusercontent.com/allenbondurant/IceBuoys/main/www/camera/dot-lake/20261002T205919Z_b51dfdc099.jpg,SpyPoint site image
dot-lake,2026-10-01 20:59:23Z,https://raw.githubusercontent.com/allenbondurant/IceBuoys/main/www/camera/dot-lake/20261001T205923Z_7c06d21685.jpg,SpyPoint site image
