logger_sn,sensor_sn,timestamp_utc,data_type,data_type_id,value,unit,sensor_measurement_type
22188604,22188604-DEPTH,2026-09-01 20:00:00Z,Normal,1,0.82,m,Sensor Depth
22188604,22188604-DP,2026-09-01 20:00:00Z,Normal,1,8.1,kPa,Differential Pressure
22188604,22188604-PTTEMP,2026-09-01 20:00:00Z,Normal,1,5.8,°C,Temperature
22188604,22188604-SURFACE,2026-09-01 20:00:00Z,Normal,1,4.0,°C,Temperature
22188604,22188604-OTHER,2026-09-01 20:00:00Z,Normal,1,4.9,°C,Temperature
22188604,22188604-DEPTH,2026-09-05 20:00:00Z,Normal,1,0.81,m,Sensor Depth
22188604,22188604-DP,2026-09-05 20:00:00Z,Normal,1,8.0,kPa,Differential Pressure
22188604,22188604-PTTEMP,2026-09-05 20:00:00Z,Normal,1,4.9,°C,Temperature
22188604,22188604-SURFACE,2026-09-05 20:00:00Z,Normal,1,2.3,°C,Temperature
22188604,22188604-OTHER,2026-09-05 20:00:00Z,Normal,1,4.1,°C,Temperature
22188604,22188604-DEPTH,2026-09-10 20:00:00Z,Normal,1,0.81,m,Sensor Depth
22188604,22188604-DP,2026-09-10 20:00:00Z,Normal,1,7.9,kPa,Differential Pressure
22188604,22188604-PTTEMP,2026-09-10 20:00:00Z,Normal,1,3.8,°C,Temperature
22188604,22188604-SURFACE,2026-09-10 20:00:00Z,Normal,1,0.8,°C,Temperature
22188604,22188604-OTHER,2026-09-10 20:00:00Z,Normal,1,3.1,°C,Temperature
22188604,22188604-DEPTH,2026-09-15 20:00:00Z,Normal,1,0.80,m,Sensor Depth
22188604,22188604-DP,2026-09-15 20:00:00Z,Normal,1,7.8,kPa,Differential Pressure
22188604,22188604-PTTEMP,2026-09-15 20:00:00Z,Normal,1,2.7,°C,Temperature
22188604,22188604-SURFACE,2026-09-15 20:00:00Z,Normal,1,-1.2,°C,Temperature
22188604,22188604-OTHER,2026-09-15 20:00:00Z,Normal,1,2.2,°C,Temperature
22188604,22188604-DEPTH,2026-09-20 20:00:00Z,Normal,1,0.79,m,Sensor Depth
22188604,22188604-DP,2026-09-20 20:00:00Z,Normal,1,7.7,kPa,Differential Pressure
22188604,22188604-PTTEMP,2026-09-20 20:00:00Z,Normal,1,1.9,°C,Temperature
22188604,22188604-SURFACE,2026-09-20 20:00:00Z,Normal,1,-3.8,°C,Temperature
22188604,22188604-OTHER,2026-09-20 20:00:00Z,Normal,1,1.5,°C,Temperature
22188604,22188604-DEPTH,2026-09-25 20:00:00Z,Normal,1,0.78,m,Sensor Depth
22188604,22188604-DP,2026-09-25 20:00:00Z,Normal,1,7.6,kPa,Differential Pressure
22188604,22188604-PTTEMP,2026-09-25 20:00:00Z,Normal,1,1.1,°C,Temperature
22188604,22188604-SURFACE,2026-09-25 20:00:00Z,Normal,1,-6.2,°C,Temperature
22188604,22188604-OTHER,2026-09-25 20:00:00Z,Normal,1,0.8,°C,Temperature
22188604,22188604-DEPTH,2026-09-30 20:00:00Z,Normal,1,0.77,m,Sensor Depth
22188604,22188604-DP,2026-09-30 20:00:00Z,Normal,1,7.5,kPa,Differential Pressure
22188604,22188604-PTTEMP,2026-09-30 20:00:00Z,Normal,1,0.5,°C,Temperature
22188604,22188604-SURFACE,2026-09-30 20:00:00Z,Normal,1,-8.1,°C,Temperature
22188604,22188604-OTHER,2026-09-30 20:00:00Z,Normal,1,0.2,°C,Temperature
